"Why EPA's Plan to Address Cross-State Air Pollution is Good News for Tennessee",https://www.sierraclub.org/articles/2024/03/why-epa-s-plan-address-cross-state-air-pollution-good-news-tennessee&ved=2ahUKEwjux5HoitiFAxXe48kDHXoJABwQxfQBegQIBRAC&usg=AOvVaw0xCfsePnDEiKF4hu1-6Nzc
"Cities Where It's Hardest To Breathe: Where Is Air Quality Worst In The U.S?",https://www.forbes.com/health/medical-supplies/cities-where-its-hardest-to-breathe-2023/&ved=2ahUKEwjux5HoitiFAxXe48kDHXoJABwQxfQBegQICRAC&usg=AOvVaw27S2MaHm17QWbFR5RDWw77
"Solar energy is on the rise in Tennessee",https://environmentamerica.org/center/articles/solar-energy-is-on-the-rise-in-tennessee/&ved=2ahUKEwjux5HoitiFAxXe48kDHXoJABwQxfQBegQICBAC&usg=AOvVaw20itjVlwS2P59gYmGGft2n
"Ennore ammonia gas leak: After residents left gasping for breath, TN pollution control board suspends unit operations",https://indianexpress.com/article/cities/chennai/ennore-ammonia-gas-leak-residents-tn-pollution-control-board-suspends-unit-operations-9085852/&ved=2ahUKEwjux5HoitiFAxXe48kDHXoJABwQxfQBegQIABAC&usg=AOvVaw1hP66oXE7uYlUnGMfejo5D
"'The Air We Breathe:' How the century-old Koppers coal tar plant became, and remains, the small town of Cicero's toxic ...",https://www.muckrock.com/news/archives/2023/dec/06/koppers-hazardous-industrial-polluters-cicero/&ved=2ahUKEwjux5HoitiFAxXe48kDHXoJABwQxfQBegQIAxAC&usg=AOvVaw0ZhxXGkr0da7U-5AkYYsIu
"Is COPD Always Related to Smoking?",https://www.wth.org/blog/is-copd-always-related-to-smoking/&ved=2ahUKEwjux5HoitiFAxXe48kDHXoJABwQxfQBegQIBhAC&usg=AOvVaw14sY-T8eQQr8flRhOAwWTD
"Tennessee wildfires, drought cause poor air quality",https://www.knoxnews.com/story/news/local/2023/11/09/why-is-it-so-smoky-in-knoxville-wildfires-cause-poor-air-quality/71515280007/&ved=2ahUKEwjux5HoitiFAxXe48kDHXoJABwQxfQBegQIBBAC&usg=AOvVaw2Q5zZj-RKoUpIwNW1ZP-K7
"Memphis Facility Emitting Cancer-Causing Ethylene Oxide Gas to Close",https://blog.ucsusa.org/dminovi/memphis-facility-emitting-cancer-causing-ethylene-oxide-gas-to-close/&ved=2ahUKEwjux5HoitiFAxXe48kDHXoJABwQxfQBegQIBxAC&usg=AOvVaw2hDsM4ye_1AhRJpAVHTXjZ
"Poor air quality in Knoxville along with extreme heat this week",https://www.knoxnews.com/story/weather/2023/08/22/poor-air-quality-in-knoxville-along-with-extreme-heat-this-week/70645860007/&ved=2ahUKEwjux5HoitiFAxXe48kDHXoJABwQxfQBegQIARAC&usg=AOvVaw2zLZkKpeKfoHJaKnynQ5rp
"Air Quality Alert issued in East Tennessee region for Tuesday",https://www.wjhl.com/news/local/air-quality-alert-issued-in-east-tennessee-region-for-tuesday/&ved=2ahUKEwjux5HoitiFAxXe48kDHXoJABwQxfQBegQIAhAC&usg=AOvVaw0biDATDp2nf5w05rBqAkVB
"Air Quality Alert issued in East Tennessee region for Tuesday",https://www.wjhl.com/news/local/air-quality-alert-issued-in-east-tennessee-region-for-tuesday/&ved=2ahUKEwiLyPvpitiFAxVM5MkDHUjYDf04ChDF9AF6BAgAEAI&usg=AOvVaw2vb2QhX3EiugEMYiylOVGn
"AI can help forecast air quality, but freak events like 2023's summer of wildfire smoke require traditional methods too",https://theconversation.com/ai-can-help-forecast-air-quality-but-freak-events-like-2023s-summer-of-wildfire-smoke-require-traditional-methods-too-210170&ved=2ahUKEwiLyPvpitiFAxVM5MkDHUjYDf04ChDF9AF6BAgJEAI&usg=AOvVaw1Gi62A_v1vAgXinCnVGAe_
"West Nashville mulch fire creates breathing issues for dozens",https://www.wsmv.com/2023/07/25/west-nashville-mulch-fire-creates-breathing-issues-dozens/&ved=2ahUKEwiLyPvpitiFAxVM5MkDHUjYDf04ChDF9AF6BAgIEAI&usg=AOvVaw190yanfpV8R3Hz8-t-OxcN
"Here's why Air Quality Alert Days may continue for a while",https://www.newschannel5.com/news/heres-why-air-quality-alert-days-may-continue-for-a-while&ved=2ahUKEwiLyPvpitiFAxVM5MkDHUjYDf04ChDF9AF6BAgHEAI&usg=AOvVaw3fXGxtxoLVFziHxKtpBAOq
"Why is it so hazy in Nashville? Air quality impacted by smoke from Canadian wildfires",https://www.tennessean.com/story/news/local/2023/07/17/hazy-in-nashville-tn-air-quality-canada-wildfires-weather-rain/70419313007/&ved=2ahUKEwiLyPvpitiFAxVM5MkDHUjYDf04ChDF9AF6BAgGEAI&usg=AOvVaw2yu0DR6r5IeV-3XhDY4HYi
"The 25 Best Places to Live in the U.S. for Allergy Sufferers and Asthmatics",https://realestate.usnews.com/real-estate/slideshows/best-places-to-live-in-the-us-for-allergy-sufferers&ved=2ahUKEwiLyPvpitiFAxVM5MkDHUjYDf04ChDF9AF6BAgFEAI&usg=AOvVaw04_I5IkXjyBExg-wz2ee8I
"Canadian wildfire smoke hits East Tennessee",https://www.knoxnews.com/story/weather/2023/06/29/east-tennessee-impacted-by-canadian-wildfire-smoke-heat/70369187007/&ved=2ahUKEwiLyPvpitiFAxVM5MkDHUjYDf04ChDF9AF6BAgBEAI&usg=AOvVaw0yiGuqCzx__bsbd8VT-zUQ
"Why is Nashville air quality so bad? Canadian fires, pollution to blame",https://www.tennessean.com/story/news/health/2023/06/29/bad-air-quality-has-serious-consequences-what-to-know-in-nashville/70326238007/&ved=2ahUKEwiLyPvpitiFAxVM5MkDHUjYDf04ChDF9AF6BAgDEAI&usg=AOvVaw0Wpn9xZtSqeX-7uMGHwOCA
"Chattanooga air quality reaches 'unhealthy' levels as Canada wildfire smoke blows through",https://www.timesfreepress.com/news/2023/jun/29/chattanooga-air-quality-tfp/&ved=2ahUKEwiLyPvpitiFAxVM5MkDHUjYDf04ChDF9AF6BAgCEAI&usg=AOvVaw0mmxag6zAmcPgaCr1DXfqr
"Will incoming storms help clear hazy skies in Kentucky? Here’s the latest forecast",https://www.kentucky.com/news/weather-news/article276868093.html&ved=2ahUKEwiLyPvpitiFAxVM5MkDHUjYDf04ChDF9AF6BAgEEAI&usg=AOvVaw30n5LtXkuRaaJwp-1Wl3yh
"Why EPA's Plan to Address Cross-State Air Pollution is Good News for Tennessee",https://www.sierraclub.org/articles/2024/03/why-epa-s-plan-address-cross-state-air-pollution-good-news-tennessee&ved=2ahUKEwisocrqitiFAxVD4MkDHQ6-A0cQxfQBegQIAhAC&usg=AOvVaw0dzFACfHc0RMCbMDHz7lSi
"Cities Where It's Hardest To Breathe: Where Is Air Quality Worst In The U.S?",https://www.forbes.com/health/medical-supplies/cities-where-its-hardest-to-breathe-2023/&ved=2ahUKEwisocrqitiFAxVD4MkDHQ6-A0cQxfQBegQICRAC&usg=AOvVaw2IwQ1oEse79lu7BzY-kKn4
"Solar energy is on the rise in Tennessee",https://environmentamerica.org/center/articles/solar-energy-is-on-the-rise-in-tennessee/&ved=2ahUKEwisocrqitiFAxVD4MkDHQ6-A0cQxfQBegQIABAC&usg=AOvVaw30SW7sLdd_cc5i42t5X-Mp
"Ennore ammonia gas leak: After residents left gasping for breath, TN pollution control board suspends unit operations",https://indianexpress.com/article/cities/chennai/ennore-ammonia-gas-leak-residents-tn-pollution-control-board-suspends-unit-operations-9085852/&ved=2ahUKEwisocrqitiFAxVD4MkDHQ6-A0cQxfQBegQIBBAC&usg=AOvVaw0kjejvD4i-yOLd4gjjucMB
"'The Air We Breathe:' How the century-old Koppers coal tar plant became, and remains, the small town of Cicero's toxic ...",https://www.muckrock.com/news/archives/2023/dec/06/koppers-hazardous-industrial-polluters-cicero/&ved=2ahUKEwisocrqitiFAxVD4MkDHQ6-A0cQxfQBegQIAxAC&usg=AOvVaw2BzJcei-B-KCVodml3Jxm-
"Is COPD Always Related to Smoking?",https://www.wth.org/blog/is-copd-always-related-to-smoking/&ved=2ahUKEwisocrqitiFAxVD4MkDHQ6-A0cQxfQBegQIBhAC&usg=AOvVaw0LPSWJ2hbgYD5iI5a9jaPE
"Tennessee wildfires, drought cause poor air quality",https://www.knoxnews.com/story/news/local/2023/11/09/why-is-it-so-smoky-in-knoxville-wildfires-cause-poor-air-quality/71515280007/&ved=2ahUKEwisocrqitiFAxVD4MkDHQ6-A0cQxfQBegQIBRAC&usg=AOvVaw0gnMydjZA0xgz2mMDxKhA_
"Memphis Facility Emitting Cancer-Causing Ethylene Oxide Gas to Close",https://blog.ucsusa.org/dminovi/memphis-facility-emitting-cancer-causing-ethylene-oxide-gas-to-close/&ved=2ahUKEwisocrqitiFAxVD4MkDHQ6-A0cQxfQBegQIBxAC&usg=AOvVaw0ka4E06FHMGknXSFIJg3F2
"Poor air quality in Knoxville along with extreme heat this week",https://www.knoxnews.com/story/weather/2023/08/22/poor-air-quality-in-knoxville-along-with-extreme-heat-this-week/70645860007/&ved=2ahUKEwisocrqitiFAxVD4MkDHQ6-A0cQxfQBegQIARAC&usg=AOvVaw00zlsaajLjCK4Jl3IXw3uH
"Air Quality Alert issued in East Tennessee region for Tuesday",https://www.wjhl.com/news/local/air-quality-alert-issued-in-east-tennessee-region-for-tuesday/&ved=2ahUKEwisocrqitiFAxVD4MkDHQ6-A0cQxfQBegQICBAC&usg=AOvVaw3-OiN9sE4uAs0aCTRYtMS9
"Chattanooga air quality reaches 'unhealthy' levels as Canada wildfire smoke blows through",https://www.timesfreepress.com/news/2023/jun/29/chattanooga-air-quality-tfp/&ved=2ahUKEwi4ofPqitiFAxXwG9AFHYYBDio4FBDF9AF6BAgFEAI&usg=AOvVaw3nLuq6z21V232K61mAqE9E
"Wildfire Smoke: Smoky Air Disrupts Life in the Northeast",https://www.nytimes.com/live/2023/06/07/us/canada-wildfires-air-quality-smoke&ved=2ahUKEwi4ofPqitiFAxXwG9AFHYYBDio4FBDF9AF6BAgJEAI&usg=AOvVaw0CPaHDG8HR06QbunmUkuTj
"Canadian wildfire smoke leads multiple states to declare ‘code red’ due to poor air quality",https://www.nbcnews.com/news/us-news/live-blog/poor-air-quality-live-updates-rcna91545&ved=2ahUKEwi4ofPqitiFAxXwG9AFHYYBDio4FBDF9AF6BAgHEAI&usg=AOvVaw2AhPt9LmbqGlq1zj-UNw47
"Poor air quality expected to linger 'the next few days' in the northern U.S.",https://www.nbcnews.com/news/us-news/live-blog/live-updates-air-quality-chicago-reaches-worst-world-rcna91496&ved=2ahUKEwi4ofPqitiFAxXwG9AFHYYBDio4FBDF9AF6BAgGEAI&usg=AOvVaw3DDKZixbKV9p53DEqPbwAK
"Canadian wildfires’ impact on air quality in Tennessee",https://www.wkrn.com/news/local-news/canadian-wildfires-impact-on-air-quality/&ved=2ahUKEwi4ofPqitiFAxXwG9AFHYYBDio4FBDF9AF6BAgIEAI&usg=AOvVaw1TTLoCZC-7Zy8cJhrRV1N3
"Shelby, Crittenden and DeSoto counties issue 'Code Orange' air quality alert for Tuesday",https://www.localmemphis.com/article/weather/memphis-air-quality-statement-code-orange-wildfire-smoke/522-d9fbdfbe-cd49-4d28-affe-b2fc0b426fcf&ved=2ahUKEwi4ofPqitiFAxXwG9AFHYYBDio4FBDF9AF6BAgEEAI&usg=AOvVaw2Zje7j-dgqdHsDdee-BoWr
"Over 100 million warned for ‘unhealthy’ air quality in US as Canadian wildfire smoke peaks Wednesday",https://www.foxweather.com/weather-news/tracker-tracking-pollution-poor-breathing-air-fires&ved=2ahUKEwi4ofPqitiFAxXwG9AFHYYBDio4FBDF9AF6BAgAEAI&usg=AOvVaw3oXQ5rQE__f3HeSKK8iYcN
"Knoxville Air Quality Index at ‘moderate’ health concern Wednesday",https://www.wate.com/news/local-news/knoxville-air-quality-index-at-moderate-health-concern-wednesday/&ved=2ahUKEwi4ofPqitiFAxXwG9AFHYYBDio4FBDF9AF6BAgDEAI&usg=AOvVaw394u91fZv1n8hFHo1GRZ6h
"N.Y.C. has worst air quality in the world due to Canadian wildfires",https://www.nbcnews.com/news/us-news/live-blog/unhealthy-air-quality-canada-wildfires-live-updates-rcna88092&ved=2ahUKEwi4ofPqitiFAxXwG9AFHYYBDio4FBDF9AF6BAgCEAI&usg=AOvVaw3jCrVugXLwjHAt7bud1jSO
"Middle Tennessee air quality 'moderate' amid Canadian wildfire smoke scare",https://fox17.com/news/local/middle-tennessee-air-quality-moderate-amid-canadian-wildfire-smoke-scare&ved=2ahUKEwi4ofPqitiFAxXwG9AFHYYBDio4FBDF9AF6BAgBEAI&usg=AOvVaw3yU95OpzEhrmmSM9wj8FBc
"Why EPA's Plan to Address Cross-State Air Pollution is Good News for Tennessee",https://www.sierraclub.org/articles/2024/03/why-epa-s-plan-address-cross-state-air-pollution-good-news-tennessee&ved=2ahUKEwjosI_ritiFAxUb48kDHaxZAqAQxfQBegQIAhAC&usg=AOvVaw2xbGbxZFSA59HmXReoLsKo
"Cities Where It's Hardest To Breathe: Where Is Air Quality Worst In The U.S?",https://www.forbes.com/health/medical-supplies/cities-where-its-hardest-to-breathe-2023/&ved=2ahUKEwjosI_ritiFAxUb48kDHaxZAqAQxfQBegQICRAC&usg=AOvVaw13IZzD4Z1rZ5-f6z7ykCq7
"Solar energy is on the rise in Tennessee",https://environmentamerica.org/center/articles/solar-energy-is-on-the-rise-in-tennessee/&ved=2ahUKEwjosI_ritiFAxUb48kDHaxZAqAQxfQBegQIAxAC&usg=AOvVaw0ITBDv3w13dmOODCIBaWtZ
"Ennore ammonia gas leak: After residents left gasping for breath, TN pollution control board suspends unit operations",https://indianexpress.com/article/cities/chennai/ennore-ammonia-gas-leak-residents-tn-pollution-control-board-suspends-unit-operations-9085852/&ved=2ahUKEwjosI_ritiFAxUb48kDHaxZAqAQxfQBegQIBBAC&usg=AOvVaw1BDLxqvcuxN4KBzDJMX9Un
"'The Air We Breathe:' How the century-old Koppers coal tar plant became, and remains, the small town of Cicero's toxic ...",https://www.muckrock.com/news/archives/2023/dec/06/koppers-hazardous-industrial-polluters-cicero/&ved=2ahUKEwjosI_ritiFAxUb48kDHaxZAqAQxfQBegQIBhAC&usg=AOvVaw3UcgFEyxCiGOX3nKWFgsYp
"Is COPD Always Related to Smoking?",https://www.wth.org/blog/is-copd-always-related-to-smoking/&ved=2ahUKEwjosI_ritiFAxUb48kDHaxZAqAQxfQBegQIBRAC&usg=AOvVaw0EGHLuklCQLCWbkub2mXXk
"Tennessee wildfires, drought cause poor air quality",https://www.knoxnews.com/story/news/local/2023/11/09/why-is-it-so-smoky-in-knoxville-wildfires-cause-poor-air-quality/71515280007/&ved=2ahUKEwjosI_ritiFAxUb48kDHaxZAqAQxfQBegQICBAC&usg=AOvVaw03Oz9NE4i8YPWxZi92FOUm
"Memphis Facility Emitting Cancer-Causing Ethylene Oxide Gas to Close",https://blog.ucsusa.org/dminovi/memphis-facility-emitting-cancer-causing-ethylene-oxide-gas-to-close/&ved=2ahUKEwjosI_ritiFAxUb48kDHaxZAqAQxfQBegQIBxAC&usg=AOvVaw3AeTLkLmA2i0rC3B_u9IHs
"Poor air quality in Knoxville along with extreme heat this week",https://www.knoxnews.com/story/weather/2023/08/22/poor-air-quality-in-knoxville-along-with-extreme-heat-this-week/70645860007/&ved=2ahUKEwjosI_ritiFAxUb48kDHaxZAqAQxfQBegQIABAC&usg=AOvVaw3BKioNy1u4W9dS08S0uqmQ
"Air Quality Alert issued in East Tennessee region for Tuesday",https://www.wjhl.com/news/local/air-quality-alert-issued-in-east-tennessee-region-for-tuesday/&ved=2ahUKEwjosI_ritiFAxUb48kDHaxZAqAQxfQBegQIARAC&usg=AOvVaw3nXI5_MuBuBQ6D-U4Rz0QE
"Canada's wildfires are impacting Tennessee air quality",https://www.knoxnews.com/story/weather/2023/06/07/canadas-wildfire-smoke-impacting-air-quality-in-tennessee/70299504007/&ved=2ahUKEwjAwbPritiFAxV5LtAFHSIvCuM4HhDF9AF6BAgBEAI&usg=AOvVaw287va5CJHOrNbXHRXsJfdO
"Why you should avoid refueling your car or grilling during unhealthy air quality",https://www.foxweather.com/extreme-weather/why-you-should-avoid-refueling-your-vehicle-when-the-air-quality-is-unhealthy&ved=2ahUKEwjAwbPritiFAxV5LtAFHSIvCuM4HhDF9AF6BAgJEAI&usg=AOvVaw2rzhWXSdwzwZWG7_FHNWK8
"Here's Where Air Quality Will Worsen As New York, Philadelphia And Toronto Are Blanketed In Wildfire Smoke",https://www.forbes.com/sites/brianbushard/2023/06/07/heres-where-air-quality-will-worsen-as-new-york-philadelphia-and-toronto-are-blanketed-in-wildfire-smoke/&ved=2ahUKEwjAwbPritiFAxV5LtAFHSIvCuM4HhDF9AF6BAgGEAI&usg=AOvVaw3p-h0TvYZqiupXhiQWP-Kl
"Code Red: Today's air is unhealthy -- if you enjoy breathing • NC Newsline",https://ncnewsline.com/briefs/code-red-todays-air-is-unhealthy-if-you-enjoy-breathing/&ved=2ahUKEwjAwbPritiFAxV5LtAFHSIvCuM4HhDF9AF6BAgDEAI&usg=AOvVaw3Hjg9kRgnI9k0D6DNTlQmM
"Canadian Wildfires impact air quality in Nashville, Middle Tennessee",https://www.tennessean.com/story/news/local/2023/06/06/nashville-weather-haze-canada-wildfires-air-quality/70294460007/&ved=2ahUKEwjAwbPritiFAxV5LtAFHSIvCuM4HhDF9AF6BAgCEAI&usg=AOvVaw3x0wD2trt9sBxSGt7LCOyf
"The ethylene oxide 'health emergency' in South Memphis",https://www.southernenvironment.org/news/south-memphis-is-bearing-an-ethylene-oxide-health-emergency/&ved=2ahUKEwjAwbPritiFAxV5LtAFHSIvCuM4HhDF9AF6BAgFEAI&usg=AOvVaw0_P4SA1EW7oMxz-GEW6UtW
"Code Orange Ozone Alert issued for parts of Mid-South",https://wreg.com/news/local/air-quality-alert-warning-issued-for-parts-of-the-mid-south/&ved=2ahUKEwjAwbPritiFAxV5LtAFHSIvCuM4HhDF9AF6BAgEEAI&usg=AOvVaw0JNQP49fyryS5MvyG8AzB4
"Opinion: Air pollution is a global problem with local solutions",https://www.tennessean.com/story/opinion/contributors/2023/03/31/opinion-air-pollution-is-a-global-problem-with-local-solutions/70065909007/&ved=2ahUKEwjAwbPritiFAxV5LtAFHSIvCuM4HhDF9AF6BAgHEAI&usg=AOvVaw0E8AeGfid5VCnOva6asyeU
"Stewart Co. elementary parents concerned over school air quality possibly sickening kids",https://fox17.com/news/crisis-in-the-classroom/nashville-middle-tennessee-google-apple-inews-facebook0stewart-co-elementary-parents-concerned-over-school-air-quality-possibly-sickening-kids&ved=2ahUKEwjAwbPritiFAxV5LtAFHSIvCuM4HhDF9AF6BAgIEAI&usg=AOvVaw0tmQoqspsNw5rCFCa9XfiO
"Tennessee residents complain Jack Daniels 'whiskey fungus' is polluting community",https://www.independent.co.uk/news/world/americas/tennessee-jack-daniels-whiskey-fungus-b2290403.html&ved=2ahUKEwjAwbPritiFAxV5LtAFHSIvCuM4HhDF9AF6BAgAEAI&usg=AOvVaw18lFvxYLywfvhNVXz63h6p
"Why EPA's Plan to Address Cross-State Air Pollution is Good News for Tennessee",https://www.sierraclub.org/articles/2024/03/why-epa-s-plan-address-cross-state-air-pollution-good-news-tennessee&ved=2ahUKEwjUqtDritiFAxXdLtAFHWieA0wQxfQBegQIBhAC&usg=AOvVaw0LGOsbQp0yoXcrXSoGIyPH
"Cities Where It's Hardest To Breathe: Where Is Air Quality Worst In The U.S?",https://www.forbes.com/health/medical-supplies/cities-where-its-hardest-to-breathe-2023/&ved=2ahUKEwjUqtDritiFAxXdLtAFHWieA0wQxfQBegQICRAC&usg=AOvVaw0hlPxmpp4F-uwNGtmq1TZL
"Solar energy is on the rise in Tennessee",https://environmentamerica.org/center/articles/solar-energy-is-on-the-rise-in-tennessee/&ved=2ahUKEwjUqtDritiFAxXdLtAFHWieA0wQxfQBegQIAxAC&usg=AOvVaw0pF-O-zetc2NIDCsel9ktc
"Ennore ammonia gas leak: After residents left gasping for breath, TN pollution control board suspends unit operations",https://indianexpress.com/article/cities/chennai/ennore-ammonia-gas-leak-residents-tn-pollution-control-board-suspends-unit-operations-9085852/&ved=2ahUKEwjUqtDritiFAxXdLtAFHWieA0wQxfQBegQIAhAC&usg=AOvVaw0ITflM76DdLQxlM-5CBF_x
"TN Pollution Control Board directs Coromandel International to ensure safety before restarting plant opera",https://m.economictimes.com/industry/indl-goods/svs/chem-/-fertilisers/tn-pollution-control-board-directs-coromandel-international-to-ensure-safety-before-restarting-plant-operations/articleshow/106344973.cms&ved=2ahUKEwjUqtDritiFAxXdLtAFHWieA0wQxfQBegQIABAC&usg=AOvVaw2dw4SFszuJo5iWCwsu62uU
"Everyone you know sick? 9 states, including Tennessee, reach CDC’s highest level for respiratory illness",https://www.wkrn.com/news/national/everyone-you-know-sick-9-states-including-tennessee-reach-cdcs-highest-level-for-respiratory-illness/&ved=2ahUKEwjUqtDritiFAxXdLtAFHWieA0wQxfQBegQIBBAC&usg=AOvVaw2I02nUMxMcIuLpw3oC0T4x
"Tennessee wildfires, drought cause poor air quality",https://www.knoxnews.com/story/news/local/2023/11/09/why-is-it-so-smoky-in-knoxville-wildfires-cause-poor-air-quality/71515280007/&ved=2ahUKEwjUqtDritiFAxXdLtAFHWieA0wQxfQBegQIARAC&usg=AOvVaw13m4gFyzjWTjvQLXflE3WV
"Wildfire triggers air quality warning near Highway 58 and Hickory Valley",https://www.local3news.com/local-news/wildfire-triggers-air-quality-warning-near-highway-58-and-hickory-valley/article_c031b274-747d-11ee-b2bd-e3b19b3f4b3d.html&ved=2ahUKEwjUqtDritiFAxXdLtAFHWieA0wQxfQBegQICBAC&usg=AOvVaw3D4AAMA1LlRrintihrjqm5
"Memphis Facility Emitting Cancer-Causing Ethylene Oxide Gas to Close",https://blog.ucsusa.org/dminovi/memphis-facility-emitting-cancer-causing-ethylene-oxide-gas-to-close/&ved=2ahUKEwjUqtDritiFAxXdLtAFHWieA0wQxfQBegQIBRAC&usg=AOvVaw2j599cAYeVKUjoLc8xQIT3
"Poor air quality in Knoxville along with extreme heat this week",https://www.knoxnews.com/story/weather/2023/08/22/poor-air-quality-in-knoxville-along-with-extreme-heat-this-week/70645860007/&ved=2ahUKEwjUqtDritiFAxXdLtAFHWieA0wQxfQBegQIBxAC&usg=AOvVaw3zClxykMUJGpPvKJI__npM
"Jack Daniel's Fueling Black Whiskey Fungus in Tennessee Community: Residents",https://www.businessinsider.com/jack-daniels-fueling-back-whiskey-fungus-in-tennessee-community-residents-2023-2&ved=2ahUKEwiXrfjritiFAxXz48kDHRVCCmY4KBDF9AF6BAgIEAI&usg=AOvVaw04GhTbHztzAU2wGNFVJqLm
"Bhogi festival leaves TN choking",https://www.newindianexpress.com/states/tamil-nadu/2023/Jan/14/bhogi-festival-leaves-tn-choking-2538059.html&ved=2ahUKEwiXrfjritiFAxXz48kDHRVCCmY4KBDF9AF6BAgJEAI&usg=AOvVaw1bhd72TWiy20t7UteyxfuJ
"Audit cites Tennessee Department of Environment and Conservation for Eastman Chemical pollution • Tennessee ...",https://tennesseelookout.com/2022/12/20/audit-cites-tennessee-department-of-environment-and-conservation-for-eastman-chemical-pollution/&ved=2ahUKEwiXrfjritiFAxXz48kDHRVCCmY4KBDF9AF6BAgGEAI&usg=AOvVaw19TD5Y6AZEnCdgNmWGWWyV
"Monitoring air quality across Appalachia",https://appvoices.org/2022/11/22/monitoring-air-quality-across-appalachia/&ved=2ahUKEwiXrfjritiFAxXz48kDHRVCCmY4KBDF9AF6BAgEEAI&usg=AOvVaw2_d-Z_bmDzBdQ4ivCgYS8w
"Contaminants Found in East Tennessee Springs",https://appvoices.org/2022/11/17/contaminants-tennessee-springs/&ved=2ahUKEwiXrfjritiFAxXz48kDHRVCCmY4KBDF9AF6BAgDEAI&usg=AOvVaw25ICo4VEb_lakpUBEKBEjf
"In South Memphis, residents cope with toxic chemical pollution as EPA investigates • Tennessee Lookout",https://tennesseelookout.com/2022/10/12/in-south-memphis-residents-cope-with-toxic-chemical-pollution-as-epa-investigates/&ved=2ahUKEwiXrfjritiFAxXz48kDHRVCCmY4KBDF9AF6BAgCEAI&usg=AOvVaw15H38offEi0Rft-Lq013U-
"The 20 Most Polluted States in the U.S.",https://www.mentalfloss.com/posts/most-polluted-states-in-america&ved=2ahUKEwiXrfjritiFAxXz48kDHRVCCmY4KBDF9AF6BAgFEAI&usg=AOvVaw3nfmF2B3SVq_lMuQyHEd0S
"The TVA is dumping a mountain of coal ash in Black south Memphis",https://www.washingtonpost.com/climate-environment/2022/08/19/tennessee-valley-authority-memphis-coal/&ved=2ahUKEwiXrfjritiFAxXz48kDHRVCCmY4KBDF9AF6BAgAEAI&usg=AOvVaw029GH_rhGKOks-kj-F2tOi
"Code Orange Air Quality Alert for Middle Tennessee Tuesday",https://www.newschannel5.com/news/code-orange-air-quality-alert-for-middle-tennessee-tuesday&ved=2ahUKEwiXrfjritiFAxXz48kDHRVCCmY4KBDF9AF6BAgBEAI&usg=AOvVaw0zgYIKWuYh1BK_Km2wzRY6
"How citizens can celebrate Earth Day and make the environment healthier for all | Opinion",https://www.tennessean.com/story/opinion/2022/04/22/earth-day-2022-how-citizens-can-make-environment-healthy-all/7395650001/&ved=2ahUKEwiXrfjritiFAxXz48kDHRVCCmY4KBDF9AF6BAgHEAI&usg=AOvVaw0xbNcQL07qMheVPalJDEHp
"Why EPA's Plan to Address Cross-State Air Pollution is Good News for Tennessee",https://www.sierraclub.org/articles/2024/03/why-epa-s-plan-address-cross-state-air-pollution-good-news-tennessee&ved=2ahUKEwje4pHsitiFAxXX38kDHRdmDcgQxfQBegQIBxAC&usg=AOvVaw3N2yeaaYKWWVYuqW4E3epE
"Cities Where It's Hardest To Breathe: Where Is Air Quality Worst In The U.S?",https://www.forbes.com/health/medical-supplies/cities-where-its-hardest-to-breathe-2023/&ved=2ahUKEwje4pHsitiFAxXX38kDHRdmDcgQxfQBegQICRAC&usg=AOvVaw1jjOMfY-CBPttP0NpS_8bt
"Solar energy is on the rise in Tennessee",https://environmentamerica.org/center/articles/solar-energy-is-on-the-rise-in-tennessee/&ved=2ahUKEwje4pHsitiFAxXX38kDHRdmDcgQxfQBegQIARAC&usg=AOvVaw1aCPHW-0atEqxG5i14X598
"Ennore ammonia gas leak: After residents left gasping for breath, TN pollution control board suspends unit operations",https://indianexpress.com/article/cities/chennai/ennore-ammonia-gas-leak-residents-tn-pollution-control-board-suspends-unit-operations-9085852/&ved=2ahUKEwje4pHsitiFAxXX38kDHRdmDcgQxfQBegQIBBAC&usg=AOvVaw0wj1Sh5wgSTA6_39kc_lfp
"TN Pollution Control Board directs Coromandel International to ensure safety before restarting plant opera",https://m.economictimes.com/industry/indl-goods/svs/chem-/-fertilisers/tn-pollution-control-board-directs-coromandel-international-to-ensure-safety-before-restarting-plant-operations/articleshow/106344973.cms&ved=2ahUKEwje4pHsitiFAxXX38kDHRdmDcgQxfQBegQIBhAC&usg=AOvVaw2tRmY9QoXPUHaYWLZ1qzcv
"Everyone you know sick? 9 states, including Tennessee, reach CDC’s highest level for respiratory illness",https://www.wkrn.com/news/national/everyone-you-know-sick-9-states-including-tennessee-reach-cdcs-highest-level-for-respiratory-illness/&ved=2ahUKEwje4pHsitiFAxXX38kDHRdmDcgQxfQBegQICBAC&usg=AOvVaw18K84QaJ-5pZsr3IjwYoUb
"Tennessee wildfires, drought cause poor air quality",https://www.knoxnews.com/story/news/local/2023/11/09/why-is-it-so-smoky-in-knoxville-wildfires-cause-poor-air-quality/71515280007/&ved=2ahUKEwje4pHsitiFAxXX38kDHRdmDcgQxfQBegQIABAC&usg=AOvVaw0s8c2XjgU7uKDOwZkEHqDv
"Wildfire triggers air quality warning near Highway 58 and Hickory Valley",https://www.local3news.com/local-news/wildfire-triggers-air-quality-warning-near-highway-58-and-hickory-valley/article_c031b274-747d-11ee-b2bd-e3b19b3f4b3d.html&ved=2ahUKEwje4pHsitiFAxXX38kDHRdmDcgQxfQBegQIAhAC&usg=AOvVaw1OXNdMh7Wv1c69CF-Fp-3V
"Memphis Facility Emitting Cancer-Causing Ethylene Oxide Gas to Close",https://blog.ucsusa.org/dminovi/memphis-facility-emitting-cancer-causing-ethylene-oxide-gas-to-close/&ved=2ahUKEwje4pHsitiFAxXX38kDHRdmDcgQxfQBegQIBRAC&usg=AOvVaw0WS8UiRx9YG_X33_6LtStL
"Poor air quality in Knoxville along with extreme heat this week",https://www.knoxnews.com/story/weather/2023/08/22/poor-air-quality-in-knoxville-along-with-extreme-heat-this-week/70645860007/&ved=2ahUKEwje4pHsitiFAxXX38kDHRdmDcgQxfQBegQIAxAC&usg=AOvVaw1iHmjBL35ZDnfvq-xIIcog
"The Smoky Mountains' namesake haze is part nature, part air pollution",https://www.knoxnews.com/in-depth/news/2022/02/08/smoky-mountains-namesake-haze-part-nature-part-air-pollution/9230033002/&ved=2ahUKEwi8wbDsitiFAxWy4skDHXj3CWc4MhDF9AF6BAgAEAI&usg=AOvVaw2gTTcBUX79OcOekqwHLZN1
"Toxicologist says Bristol, Va. landfill health effects not coming from benzene",https://www.wjhl.com/bristol-va-landfill/toxicologist-says-bristol-va-landfill-health-effects-not-coming-from-benzene/&ved=2ahUKEwi8wbDsitiFAxWy4skDHXj3CWc4MhDF9AF6BAgEEAI&usg=AOvVaw0KT-I1dTy1E2dIrUvBvk0Y
"Contribution of AOD-PM2.5 surfaces to respiratory-cardiovascular hospital events in urban and rural areas in Baltimore ...",https://www.sciencedirect.com/science/article/pii/S1352231021004519&ved=2ahUKEwi8wbDsitiFAxWy4skDHXj3CWc4MhDF9AF6BAgIEAI&usg=AOvVaw2ckneePbKVlJ_Or-VTVOhl
"Air quality in TN's only majority-Black county gets 'F'; disparities studied",https://www.commercialappeal.com/story/news/2021/04/22/air-quality-tns-only-majority-black-county-gets-f-disparities-studied/7326279002/&ved=2ahUKEwi8wbDsitiFAxWy4skDHXj3CWc4MhDF9AF6BAgCEAI&usg=AOvVaw3wgtUoeRs61CqjZz0sfKB1
"California wildfires pass 4 million acres burned, doubling previous record – that's a lot of toxic smoke",https://theconversation.com/california-wildfires-pass-4-million-acres-burned-doubling-previous-record-thats-a-lot-of-toxic-smoke-147328&ved=2ahUKEwi8wbDsitiFAxWy4skDHXj3CWc4MhDF9AF6BAgGEAI&usg=AOvVaw3jKYEfBBBU6se-T6hqS_LH
"How clean is the air in Memphis?",https://www.commercialappeal.com/story/opinion/2020/05/07/how-clean-air-memphis-air-pollution-climate-change/3087701001/&ved=2ahUKEwi8wbDsitiFAxWy4skDHXj3CWc4MhDF9AF6BAgFEAI&usg=AOvVaw1uCMH-ofMebymi71LelnzZ
"Pregnant Moms Who Breathe Dirty Air Have Children With Lower IQs, Study Finds",https://www.kqed.org/science/1946243/pregnant-moms-who-breathe-dirty-air-have-children-with-lower-iqs-study-finds&ved=2ahUKEwi8wbDsitiFAxWy4skDHXj3CWc4MhDF9AF6BAgHEAI&usg=AOvVaw32vtkwmEW5UKQW5BVHTYon
"Breakdown: Why stagnant air can cause breathing issues, eye irritation",https://www.actionnews5.com/2019/08/07/breakdown-why-stagnant-air-can-cause-breathing-issues-eye-irritation/&ved=2ahUKEwi8wbDsitiFAxWy4skDHXj3CWc4MhDF9AF6BAgBEAI&usg=AOvVaw2W1l71QFk-3wK5H3dZiBqW
"Clarksville air quality ties for best in nation in 2 areas",https://www.theleafchronicle.com/story/news/local/clarksville/2019/04/25/clarksville-air-quality-best-nation-ozone-pollution/3571666002/&ved=2ahUKEwi8wbDsitiFAxWy4skDHXj3CWc4MhDF9AF6BAgDEAI&usg=AOvVaw1P58-pW-Qogl_H1BbWA3L_
"Why EPA's Plan to Address Cross-State Air Pollution is Good News for Tennessee",https://www.sierraclub.org/articles/2024/03/why-epa-s-plan-address-cross-state-air-pollution-good-news-tennessee&ved=2ahUKEwioxc7sitiFAxUh5MkDHbArDvMQxfQBegQIBBAC&usg=AOvVaw1kZjQOkM5EHSGHvNFp-Ygx
"Cities Where It's Hardest To Breathe: Where Is Air Quality Worst In The U.S?",https://www.forbes.com/health/medical-supplies/cities-where-its-hardest-to-breathe-2023/&ved=2ahUKEwioxc7sitiFAxUh5MkDHbArDvMQxfQBegQICRAC&usg=AOvVaw2XAGPU8QOxjsk2zvhVNZSF
"Solar energy is on the rise in Tennessee",https://environmentamerica.org/center/articles/solar-energy-is-on-the-rise-in-tennessee/&ved=2ahUKEwioxc7sitiFAxUh5MkDHbArDvMQxfQBegQIABAC&usg=AOvVaw1pUbzPp5bK_dQokXdhUMEq
"Ennore ammonia gas leak: After residents left gasping for breath, TN pollution control board suspends unit operations",https://indianexpress.com/article/cities/chennai/ennore-ammonia-gas-leak-residents-tn-pollution-control-board-suspends-unit-operations-9085852/&ved=2ahUKEwioxc7sitiFAxUh5MkDHbArDvMQxfQBegQIBxAC&usg=AOvVaw1syDnJmfWgTaJydhPXpkVM
"'The Air We Breathe:' How the century-old Koppers coal tar plant became, and remains, the small town of Cicero's toxic ...",https://www.muckrock.com/news/archives/2023/dec/06/koppers-hazardous-industrial-polluters-cicero/&ved=2ahUKEwioxc7sitiFAxUh5MkDHbArDvMQxfQBegQIAhAC&usg=AOvVaw0hEdjiNwbiUoDNdsiMa8Dx
"Is COPD Always Related to Smoking?",https://www.wth.org/blog/is-copd-always-related-to-smoking/&ved=2ahUKEwioxc7sitiFAxUh5MkDHbArDvMQxfQBegQIBRAC&usg=AOvVaw2OLJVay1bhexnciBDTsB3e
"Tennessee wildfires, drought cause poor air quality",https://www.knoxnews.com/story/news/local/2023/11/09/why-is-it-so-smoky-in-knoxville-wildfires-cause-poor-air-quality/71515280007/&ved=2ahUKEwioxc7sitiFAxUh5MkDHbArDvMQxfQBegQIAxAC&usg=AOvVaw3uH4IZWpzDG84HpSi4T1ae
"Memphis Facility Emitting Cancer-Causing Ethylene Oxide Gas to Close",https://blog.ucsusa.org/dminovi/memphis-facility-emitting-cancer-causing-ethylene-oxide-gas-to-close/&ved=2ahUKEwioxc7sitiFAxUh5MkDHbArDvMQxfQBegQIBhAC&usg=AOvVaw3JplpIUnqDRE-N9cfwBsR7
"Poor air quality in Knoxville along with extreme heat this week",https://www.knoxnews.com/story/weather/2023/08/22/poor-air-quality-in-knoxville-along-with-extreme-heat-this-week/70645860007/&ved=2ahUKEwioxc7sitiFAxUh5MkDHbArDvMQxfQBegQICBAC&usg=AOvVaw2Sh8sojkGVE1igJGtS7SEy
"Air Quality Alert issued in East Tennessee region for Tuesday",https://www.wjhl.com/news/local/air-quality-alert-issued-in-east-tennessee-region-for-tuesday/&ved=2ahUKEwioxc7sitiFAxUh5MkDHbArDvMQxfQBegQIARAC&usg=AOvVaw2Quw6pX6kGDdQ_ahZhxtZw
"California wildfires pass 4 million acres burned, doubling previous record – that's a lot of toxic smoke",https://theconversation.com/california-wildfires-pass-4-million-acres-burned-doubling-previous-record-thats-a-lot-of-toxic-smoke-147328&ved=2ahUKEwjQoe_sitiFAxWtGtAFHa2OCkg4PBDF9AF6BAgHEAI&usg=AOvVaw1XIdMPua_wel-6_vXzjCUe
"How clean is the air in Memphis?",https://www.commercialappeal.com/story/opinion/2020/05/07/how-clean-air-memphis-air-pollution-climate-change/3087701001/&ved=2ahUKEwjQoe_sitiFAxWtGtAFHa2OCkg4PBDF9AF6BAgBEAI&usg=AOvVaw0eL2pA9_WhI1tuDcfaWTYX
"Pregnant Moms Who Breathe Dirty Air Have Children With Lower IQs, Study Finds",https://www.kqed.org/science/1946243/pregnant-moms-who-breathe-dirty-air-have-children-with-lower-iqs-study-finds&ved=2ahUKEwjQoe_sitiFAxWtGtAFHa2OCkg4PBDF9AF6BAgGEAI&usg=AOvVaw3pqS76G_FaLzRK6c5vM6kh
"Breakdown: Why stagnant air can cause breathing issues, eye irritation",https://www.actionnews5.com/2019/08/07/breakdown-why-stagnant-air-can-cause-breathing-issues-eye-irritation/&ved=2ahUKEwjQoe_sitiFAxWtGtAFHa2OCkg4PBDF9AF6BAgIEAI&usg=AOvVaw27wueeFRt4CCDHr4WYb01Q
"Should I be worried about the smoke from the massive Knoxville fire, and where can I go for help?",https://www.wbir.com/article/news/is-breathing-in-black-smoke-bad-for-my-lungs/51-aacc98be-f94b-478c-b8b9-dd0c650d1a77&ved=2ahUKEwjQoe_sitiFAxWtGtAFHa2OCkg4PBDF9AF6BAgFEAI&usg=AOvVaw181fsJAAuACPNeDWxW5QU3
"Knoxville metro region ranks as 25th most polluted city in nation",https://www.wbir.com/article/news/east-tennessee-is-25th-most-polluted-city-in-nation/51-846b900f-09ab-4e57-9d56-5cf5364cd7ba&ved=2ahUKEwjQoe_sitiFAxWtGtAFHa2OCkg4PBDF9AF6BAgEEAI&usg=AOvVaw3mUv2W7REj4W6rEWasLa_U
"Air pollution: everything you should know about a public health emergency",https://www.theguardian.com/environment/2018/nov/05/air-pollution-everything-you-should-know-about-a-public-health-emergency&ved=2ahUKEwjQoe_sitiFAxWtGtAFHa2OCkg4PBDF9AF6BAgDEAI&usg=AOvVaw2Uv1B8XsvO4hMXRq2UbQgF
"Thoothukudi sole city from TN to have high levels of air pollution",https://www.newindianexpress.com/states/tamil-nadu/2018/Aug/05/thoothukudi-sole-city-from-tn-to-have-high-levels-of-air-pollution-1853528.html&ved=2ahUKEwjQoe_sitiFAxWtGtAFHa2OCkg4PBDF9AF6BAgAEAI&usg=AOvVaw0MatnMV477smkjLCPA-CJ2
"Knoxville topography, pollution and weather decrease air quality",https://www.wbir.com/article/news/local/knoxville-topography-pollution-and-weather-decrease-air-quality/51-562800308&ved=2ahUKEwjQoe_sitiFAxWtGtAFHa2OCkg4PBDF9AF6BAgCEAI&usg=AOvVaw2XKSxZ3YSJzLCj4JJtBg1F
"Why EPA's Plan to Address Cross-State Air Pollution is Good News for Tennessee",https://www.sierraclub.org/articles/2024/03/why-epa-s-plan-address-cross-state-air-pollution-good-news-tennessee&ved=2ahUKEwjZ24ztitiFAxXM5MkDHTjRCp4QxfQBegQIBxAC&usg=AOvVaw3_2A_LEt4tta98FUQB9aux
"Cities Where It's Hardest To Breathe: Where Is Air Quality Worst In The U.S?",https://www.forbes.com/health/medical-supplies/cities-where-its-hardest-to-breathe-2023/&ved=2ahUKEwjZ24ztitiFAxXM5MkDHTjRCp4QxfQBegQICRAC&usg=AOvVaw1aMCyk6oMmGV8723oIXI_A
"Solar energy is on the rise in Tennessee",https://environmentamerica.org/center/articles/solar-energy-is-on-the-rise-in-tennessee/&ved=2ahUKEwjZ24ztitiFAxXM5MkDHTjRCp4QxfQBegQIARAC&usg=AOvVaw3M-_gXjvPX6b7kuVVNQVUw
"Ennore ammonia gas leak: After residents left gasping for breath, TN pollution control board suspends unit operations",https://indianexpress.com/article/cities/chennai/ennore-ammonia-gas-leak-residents-tn-pollution-control-board-suspends-unit-operations-9085852/&ved=2ahUKEwjZ24ztitiFAxXM5MkDHTjRCp4QxfQBegQIBRAC&usg=AOvVaw39q6XeRLH4uY8RHPvgZs46
"TN Pollution Control Board directs Coromandel International to ensure safety before restarting plant opera",https://m.economictimes.com/industry/indl-goods/svs/chem-/-fertilisers/tn-pollution-control-board-directs-coromandel-international-to-ensure-safety-before-restarting-plant-operations/articleshow/106344973.cms&ved=2ahUKEwjZ24ztitiFAxXM5MkDHTjRCp4QxfQBegQIAxAC&usg=AOvVaw3popcBCFZZwgZgLjfuoo33
"Everyone you know sick? 9 states, including Tennessee, reach CDC’s highest level for respiratory illness",https://www.wkrn.com/news/national/everyone-you-know-sick-9-states-including-tennessee-reach-cdcs-highest-level-for-respiratory-illness/&ved=2ahUKEwjZ24ztitiFAxXM5MkDHTjRCp4QxfQBegQICBAC&usg=AOvVaw30UO5s_cASVq-_ufzULwjl
"Tennessee wildfires, drought cause poor air quality",https://www.knoxnews.com/story/news/local/2023/11/09/why-is-it-so-smoky-in-knoxville-wildfires-cause-poor-air-quality/71515280007/&ved=2ahUKEwjZ24ztitiFAxXM5MkDHTjRCp4QxfQBegQIABAC&usg=AOvVaw1UvNNDdBO39xIzmp9xRnpV
"Wildfire triggers air quality warning near Highway 58 and Hickory Valley",https://www.local3news.com/local-news/wildfire-triggers-air-quality-warning-near-highway-58-and-hickory-valley/article_c031b274-747d-11ee-b2bd-e3b19b3f4b3d.html&ved=2ahUKEwjZ24ztitiFAxXM5MkDHTjRCp4QxfQBegQIBBAC&usg=AOvVaw3h5dlsXcJ6usc5KxDGsYPF
"Memphis Facility Emitting Cancer-Causing Ethylene Oxide Gas to Close",https://blog.ucsusa.org/dminovi/memphis-facility-emitting-cancer-causing-ethylene-oxide-gas-to-close/&ved=2ahUKEwjZ24ztitiFAxXM5MkDHTjRCp4QxfQBegQIAhAC&usg=AOvVaw38xat4q-aYm_xopXesgpyp
"Poor air quality in Knoxville along with extreme heat this week",https://www.knoxnews.com/story/weather/2023/08/22/poor-air-quality-in-knoxville-along-with-extreme-heat-this-week/70645860007/&ved=2ahUKEwjZ24ztitiFAxXM5MkDHTjRCp4QxfQBegQIBhAC&usg=AOvVaw1IKC0BRctvwOzgj3tYbreV
"Tennessee air quality improving, but Knoxville has work to do still — report",https://www.knoxnews.com/story/news/health/2018/04/18/tennessee-air-quality-knoxville-pollution-ozone/525862002/&ved=2ahUKEwjbq7HtitiFAxWB_8kDHciYDBo4RhDF9AF6BAgBEAI&usg=AOvVaw0bMsmIvJBa0YPx0TmRZ8jn
"Clean car standards help Tennessee kids breathe easier",https://www.commercialappeal.com/story/opinion/contributors/2018/02/16/clean-car-standards-help-tennessee-kids-breathe-easier/344628002/&ved=2ahUKEwjbq7HtitiFAxWB_8kDHciYDBo4RhDF9AF6BAgJEAI&usg=AOvVaw1HjhW2EhJOhnJHPwxDv2XC
"Knox area meets EPA air quality standards for first time in 20 years",https://www.knoxnews.com/story/news/local/tennessee/2017/08/30/knox-area-meets-air-quality-pm-2-5-standards-first-time-20-years/617209001/&ved=2ahUKEwjbq7HtitiFAxWB_8kDHciYDBo4RhDF9AF6BAgIEAI&usg=AOvVaw3J79QuYpXZIEDeZ82RpljJ
"Southeast Fires Update: At Least 2 Dead as More Than 30 Large Blazes Continue to Burn",https://weather.com/news/news/southeast-wildfires-air-quality&ved=2ahUKEwjbq7HtitiFAxWB_8kDHciYDBo4RhDF9AF6BAgAEAI&usg=AOvVaw20MsJfP0Ih_8P36i0jLwcl
"Hundreds Hospitalized, Several Arrested in Southeast Wildfires",https://abcnews.go.com/US/hundreds-hospitalized-breathing-difficulties-due-wildfires-southeast/story%3Fid%3D43559886&ved=2ahUKEwjbq7HtitiFAxWB_8kDHciYDBo4RhDF9AF6BAgDEAI&usg=AOvVaw1NQjwaTzfRXXvrtscOCprg
"Smoky haze over Athens area aggravating some with respiratory issues",https://www.onlineathens.com/story/news/state/2016/11/15/smoky-haze-over-athens-area-aggravating-some-respiratory-issues/15449995007/&ved=2ahUKEwjbq7HtitiFAxWB_8kDHciYDBo4RhDF9AF6BAgFEAI&usg=AOvVaw08ATuAGlqIohTvM4PXjv2G
"What does 'code red' air quality mean for Tennesseans?",https://www.knoxnews.com/story/weather/2016/11/16/wednesday-forecast-smoke-sunshine-and-bad-air-linger/93942454/&ved=2ahUKEwjbq7HtitiFAxWB_8kDHciYDBo4RhDF9AF6BAgHEAI&usg=AOvVaw23Y5Y-B5nXRs0lclbXR44Z
"UPDATE: Heavy smoke blankets Tennessee Valley, affecting thousands",https://www.local3news.com/update-heavy-smoke-blankets-tennessee-valley-affecting-thousands/article_20aa90ef-f6f1-5c4c-b4fd-ea1739bbc0ca.html&ved=2ahUKEwjbq7HtitiFAxWB_8kDHciYDBo4RhDF9AF6BAgEEAI&usg=AOvVaw0N2LjKibzQj_Tu6JSaZb6E
"Project Aims to Make Breathing Easier by Mapping Air Quality",https://news.utdallas.edu/health-medicine/project-aims-to-make-breathing-easier-by-mapping-a/&ved=2ahUKEwjbq7HtitiFAxWB_8kDHciYDBo4RhDF9AF6BAgGEAI&usg=AOvVaw3_5FU3DYBQVlB7Q0YCm-p2
"Smells Like Money",https://www.facingsouth.org/smells-money&ved=2ahUKEwjbq7HtitiFAxWB_8kDHciYDBo4RhDF9AF6BAgCEAI&usg=AOvVaw02AjIvnA4-Ju0jfa-dN7m5
"Why EPA's Plan to Address Cross-State Air Pollution is Good News for Tennessee",https://www.sierraclub.org/articles/2024/03/why-epa-s-plan-address-cross-state-air-pollution-good-news-tennessee&ved=2ahUKEwia8c7titiFAxX26ckDHbhPDyIQxfQBegQIBBAC&usg=AOvVaw3vwEQAULTWTmvlCRqNTvfv
"Cities Where It's Hardest To Breathe: Where Is Air Quality Worst In The U.S?",https://www.forbes.com/health/medical-supplies/cities-where-its-hardest-to-breathe-2023/&ved=2ahUKEwia8c7titiFAxX26ckDHbhPDyIQxfQBegQICRAC&usg=AOvVaw2ScYdlbWmcgu4YlmFwoTDL
"Solar energy is on the rise in Tennessee",https://environmentamerica.org/center/articles/solar-energy-is-on-the-rise-in-tennessee/&ved=2ahUKEwia8c7titiFAxX26ckDHbhPDyIQxfQBegQIBxAC&usg=AOvVaw0ID7fejXnXGyfnOI0AFOkI
"Ennore ammonia gas leak: After residents left gasping for breath, TN pollution control board suspends unit operations",https://indianexpress.com/article/cities/chennai/ennore-ammonia-gas-leak-residents-tn-pollution-control-board-suspends-unit-operations-9085852/&ved=2ahUKEwia8c7titiFAxX26ckDHbhPDyIQxfQBegQICBAC&usg=AOvVaw08nOEHmL-5pqic2LojItUm
"TN Pollution Control Board directs Coromandel International to ensure safety before restarting plant opera",https://m.economictimes.com/industry/indl-goods/svs/chem-/-fertilisers/tn-pollution-control-board-directs-coromandel-international-to-ensure-safety-before-restarting-plant-operations/articleshow/106344973.cms&ved=2ahUKEwia8c7titiFAxX26ckDHbhPDyIQxfQBegQIAhAC&usg=AOvVaw0T5zDOLFtuOdbLBgvDD59B
"Everyone you know sick? 9 states, including Tennessee, reach CDC’s highest level for respiratory illness",https://www.wkrn.com/news/national/everyone-you-know-sick-9-states-including-tennessee-reach-cdcs-highest-level-for-respiratory-illness/&ved=2ahUKEwia8c7titiFAxX26ckDHbhPDyIQxfQBegQIBhAC&usg=AOvVaw2ytPoyaZSj79E4hDxOYXC2
"Tennessee wildfires, drought cause poor air quality",https://www.knoxnews.com/story/news/local/2023/11/09/why-is-it-so-smoky-in-knoxville-wildfires-cause-poor-air-quality/71515280007/&ved=2ahUKEwia8c7titiFAxX26ckDHbhPDyIQxfQBegQIAxAC&usg=AOvVaw0mCaNzZg7prNcjzGPYEnI7
"Wildfire triggers air quality warning near Highway 58 and Hickory Valley",https://www.local3news.com/local-news/wildfire-triggers-air-quality-warning-near-highway-58-and-hickory-valley/article_c031b274-747d-11ee-b2bd-e3b19b3f4b3d.html&ved=2ahUKEwia8c7titiFAxX26ckDHbhPDyIQxfQBegQIABAC&usg=AOvVaw2Y2X7VV0c7zfzZh8XzVsjP
"Memphis Facility Emitting Cancer-Causing Ethylene Oxide Gas to Close",https://blog.ucsusa.org/dminovi/memphis-facility-emitting-cancer-causing-ethylene-oxide-gas-to-close/&ved=2ahUKEwia8c7titiFAxX26ckDHbhPDyIQxfQBegQIARAC&usg=AOvVaw2eRZhb3FSJmifRdSFgwdhP
"Poor air quality in Knoxville along with extreme heat this week",https://www.knoxnews.com/story/weather/2023/08/22/poor-air-quality-in-knoxville-along-with-extreme-heat-this-week/70645860007/&ved=2ahUKEwia8c7titiFAxX26ckDHbhPDyIQxfQBegQIBRAC&usg=AOvVaw2STfhtzpVCx4GayGlkI5g9
"Why EPA's Plan to Address Cross-State Air Pollution is Good News for Tennessee",https://www.sierraclub.org/articles/2024/03/why-epa-s-plan-address-cross-state-air-pollution-good-news-tennessee&ved=2ahUKEwi6rIruitiFAxUP38kDHUB4CiQQxfQBegQICBAC&usg=AOvVaw1smXEQXm6YuYzWPdtcD8nu
"Cities Where It's Hardest To Breathe: Where Is Air Quality Worst In The U.S?",https://www.forbes.com/health/medical-supplies/cities-where-its-hardest-to-breathe-2023/&ved=2ahUKEwi6rIruitiFAxUP38kDHUB4CiQQxfQBegQICRAC&usg=AOvVaw2r3uKdbIcqlZwla1XhCd5g
"Solar energy is on the rise in Tennessee",https://environmentamerica.org/center/articles/solar-energy-is-on-the-rise-in-tennessee/&ved=2ahUKEwi6rIruitiFAxUP38kDHUB4CiQQxfQBegQIAxAC&usg=AOvVaw3Cupd_lvcw7oHfG9V-0HHt
"Ennore ammonia gas leak: After residents left gasping for breath, TN pollution control board suspends unit operations",https://indianexpress.com/article/cities/chennai/ennore-ammonia-gas-leak-residents-tn-pollution-control-board-suspends-unit-operations-9085852/&ved=2ahUKEwi6rIruitiFAxUP38kDHUB4CiQQxfQBegQIABAC&usg=AOvVaw0K26VwFGBkL4tswNo3fasT
"'The Air We Breathe:' How the century-old Koppers coal tar plant became, and remains, the small town of Cicero's toxic ...",https://www.muckrock.com/news/archives/2023/dec/06/koppers-hazardous-industrial-polluters-cicero/&ved=2ahUKEwi6rIruitiFAxUP38kDHUB4CiQQxfQBegQIBhAC&usg=AOvVaw3WIxCPc4VRzDoSYxJcDvte
"Is COPD Always Related to Smoking?",https://www.wth.org/blog/is-copd-always-related-to-smoking/&ved=2ahUKEwi6rIruitiFAxUP38kDHUB4CiQQxfQBegQIBRAC&usg=AOvVaw22jOqGfErSVN3wt0Ya1H2U
"Tennessee wildfires, drought cause poor air quality",https://www.knoxnews.com/story/news/local/2023/11/09/why-is-it-so-smoky-in-knoxville-wildfires-cause-poor-air-quality/71515280007/&ved=2ahUKEwi6rIruitiFAxUP38kDHUB4CiQQxfQBegQIARAC&usg=AOvVaw03IZ3267xCiowRduScAhpr
"Memphis Facility Emitting Cancer-Causing Ethylene Oxide Gas to Close",https://blog.ucsusa.org/dminovi/memphis-facility-emitting-cancer-causing-ethylene-oxide-gas-to-close/&ved=2ahUKEwi6rIruitiFAxUP38kDHUB4CiQQxfQBegQIBxAC&usg=AOvVaw1JtLYAK9ThIm7LJ1O6QXj4
"Poor air quality in Knoxville along with extreme heat this week",https://www.knoxnews.com/story/weather/2023/08/22/poor-air-quality-in-knoxville-along-with-extreme-heat-this-week/70645860007/&ved=2ahUKEwi6rIruitiFAxUP38kDHUB4CiQQxfQBegQIAhAC&usg=AOvVaw3ZUtzdAUaZOzjpPLzcVdU-
"Air Quality Alert issued in East Tennessee region for Tuesday",https://www.wjhl.com/news/local/air-quality-alert-issued-in-east-tennessee-region-for-tuesday/&ved=2ahUKEwi6rIruitiFAxUP38kDHUB4CiQQxfQBegQIBBAC&usg=AOvVaw3xmGbbRm0iSIGAzC_R4_IF
"Why EPA's Plan to Address Cross-State Air Pollution is Good News for Tennessee",https://www.sierraclub.org/articles/2024/03/why-epa-s-plan-address-cross-state-air-pollution-good-news-tennessee&ved=2ahUKEwjJ6MLuitiFAxXE_8kDHVXlC-4QxfQBegQIBRAC&usg=AOvVaw1KtVIjE8PkiF_wft7_zYNl
"Cities Where It's Hardest To Breathe: Where Is Air Quality Worst In The U.S?",https://www.forbes.com/health/medical-supplies/cities-where-its-hardest-to-breathe-2023/&ved=2ahUKEwjJ6MLuitiFAxXE_8kDHVXlC-4QxfQBegQICRAC&usg=AOvVaw1kW8I0y3ufxUoLkwtBYVck
"Solar energy is on the rise in Tennessee",https://environmentamerica.org/center/articles/solar-energy-is-on-the-rise-in-tennessee/&ved=2ahUKEwjJ6MLuitiFAxXE_8kDHVXlC-4QxfQBegQIBhAC&usg=AOvVaw3Kz_8tHEfEOBG-aUvInMlS
"Ennore ammonia gas leak: After residents left gasping for breath, TN pollution control board suspends unit operations",https://indianexpress.com/article/cities/chennai/ennore-ammonia-gas-leak-residents-tn-pollution-control-board-suspends-unit-operations-9085852/&ved=2ahUKEwjJ6MLuitiFAxXE_8kDHVXlC-4QxfQBegQIBBAC&usg=AOvVaw1O305GxY5H7K2EiBQEnT10
"'The Air We Breathe:' How the century-old Koppers coal tar plant became, and remains, the small town of Cicero's toxic ...",https://www.muckrock.com/news/archives/2023/dec/06/koppers-hazardous-industrial-polluters-cicero/&ved=2ahUKEwjJ6MLuitiFAxXE_8kDHVXlC-4QxfQBegQIBxAC&usg=AOvVaw1Ol3jtWr7DhAmKtRkBii11
"Is COPD Always Related to Smoking?",https://www.wth.org/blog/is-copd-always-related-to-smoking/&ved=2ahUKEwjJ6MLuitiFAxXE_8kDHVXlC-4QxfQBegQIARAC&usg=AOvVaw2M4mpb9Xn_qOmUTfrLs9j_
"Tennessee wildfires, drought cause poor air quality",https://www.knoxnews.com/story/news/local/2023/11/09/why-is-it-so-smoky-in-knoxville-wildfires-cause-poor-air-quality/71515280007/&ved=2ahUKEwjJ6MLuitiFAxXE_8kDHVXlC-4QxfQBegQIAhAC&usg=AOvVaw222yFM_j58g4HCjF4PXV6t
"Memphis Facility Emitting Cancer-Causing Ethylene Oxide Gas to Close",https://blog.ucsusa.org/dminovi/memphis-facility-emitting-cancer-causing-ethylene-oxide-gas-to-close/&ved=2ahUKEwjJ6MLuitiFAxXE_8kDHVXlC-4QxfQBegQIABAC&usg=AOvVaw33wKBrqoel5msCKtafdDII
"Poor air quality in Knoxville along with extreme heat this week",https://www.knoxnews.com/story/weather/2023/08/22/poor-air-quality-in-knoxville-along-with-extreme-heat-this-week/70645860007/&ved=2ahUKEwjJ6MLuitiFAxXE_8kDHVXlC-4QxfQBegQICBAC&usg=AOvVaw0cZsZLDhqBt4rhuP7d6U2e
"Air Quality Alert issued in East Tennessee region for Tuesday",https://www.wjhl.com/news/local/air-quality-alert-issued-in-east-tennessee-region-for-tuesday/&ved=2ahUKEwjJ6MLuitiFAxXE_8kDHVXlC-4QxfQBegQIAxAC&usg=AOvVaw0F4wwIudDDr0RdUoJeFfnV
"Why EPA's Plan to Address Cross-State Air Pollution is Good News for Tennessee",https://www.sierraclub.org/articles/2024/03/why-epa-s-plan-address-cross-state-air-pollution-good-news-tennessee&ved=2ahUKEwjI9fruitiFAxWZ5skDHZJ2CpoQxfQBegQIBhAC&usg=AOvVaw1SgDHdg0CeGogBCs2BPvhI
"Cities Where It's Hardest To Breathe: Where Is Air Quality Worst In The U.S?",https://www.forbes.com/health/medical-supplies/cities-where-its-hardest-to-breathe-2023/&ved=2ahUKEwjI9fruitiFAxWZ5skDHZJ2CpoQxfQBegQICRAC&usg=AOvVaw0mTivGcajDgAcok794PvxJ
"Solar energy is on the rise in Tennessee",https://environmentamerica.org/center/articles/solar-energy-is-on-the-rise-in-tennessee/&ved=2ahUKEwjI9fruitiFAxWZ5skDHZJ2CpoQxfQBegQIBRAC&usg=AOvVaw2h3vTmHSEghvXh7DacUXj_
"Ennore ammonia gas leak: After residents left gasping for breath, TN pollution control board suspends unit operations",https://indianexpress.com/article/cities/chennai/ennore-ammonia-gas-leak-residents-tn-pollution-control-board-suspends-unit-operations-9085852/&ved=2ahUKEwjI9fruitiFAxWZ5skDHZJ2CpoQxfQBegQIAhAC&usg=AOvVaw3mFU2Oc0SnndTV1qUH3aUY
"TN Pollution Control Board directs Coromandel International to ensure safety before restarting plant opera",https://m.economictimes.com/industry/indl-goods/svs/chem-/-fertilisers/tn-pollution-control-board-directs-coromandel-international-to-ensure-safety-before-restarting-plant-operations/articleshow/106344973.cms&ved=2ahUKEwjI9fruitiFAxWZ5skDHZJ2CpoQxfQBegQIABAC&usg=AOvVaw1wqoZPPvVhnpu6KBvYDZJ0
"Everyone you know sick? 9 states, including Tennessee, reach CDC’s highest level for respiratory illness",https://www.wkrn.com/news/national/everyone-you-know-sick-9-states-including-tennessee-reach-cdcs-highest-level-for-respiratory-illness/&ved=2ahUKEwjI9fruitiFAxWZ5skDHZJ2CpoQxfQBegQIBxAC&usg=AOvVaw2m5s3fcAdFfM_nxSo7dvo3
"Tennessee wildfires, drought cause poor air quality",https://www.knoxnews.com/story/news/local/2023/11/09/why-is-it-so-smoky-in-knoxville-wildfires-cause-poor-air-quality/71515280007/&ved=2ahUKEwjI9fruitiFAxWZ5skDHZJ2CpoQxfQBegQICBAC&usg=AOvVaw08fW9oPMfg0i2PL-sert_B
"Wildfire triggers air quality warning near Highway 58 and Hickory Valley",https://www.local3news.com/local-news/wildfire-triggers-air-quality-warning-near-highway-58-and-hickory-valley/article_c031b274-747d-11ee-b2bd-e3b19b3f4b3d.html&ved=2ahUKEwjI9fruitiFAxWZ5skDHZJ2CpoQxfQBegQIBBAC&usg=AOvVaw1YPLBmiKXSMlsBfXOnmQOx
"Memphis Facility Emitting Cancer-Causing Ethylene Oxide Gas to Close",https://blog.ucsusa.org/dminovi/memphis-facility-emitting-cancer-causing-ethylene-oxide-gas-to-close/&ved=2ahUKEwjI9fruitiFAxWZ5skDHZJ2CpoQxfQBegQIAxAC&usg=AOvVaw1CSn_idA1EWZb97HxWxfPP
"Poor air quality in Knoxville along with extreme heat this week",https://www.knoxnews.com/story/weather/2023/08/22/poor-air-quality-in-knoxville-along-with-extreme-heat-this-week/70645860007/&ved=2ahUKEwjI9fruitiFAxWZ5skDHZJ2CpoQxfQBegQIARAC&usg=AOvVaw0SPC9azUKnkm1cGBmnZkrq
"Why EPA's Plan to Address Cross-State Air Pollution is Good News for Tennessee",https://www.sierraclub.org/articles/2024/03/why-epa-s-plan-address-cross-state-air-pollution-good-news-tennessee&ved=2ahUKEwioi7nvitiFAxVo5ckDHRi5Az8QxfQBegQICBAC&usg=AOvVaw0HzpNCBE4F_5BXhjKCdWfk
"Cities Where It's Hardest To Breathe: Where Is Air Quality Worst In The U.S?",https://www.forbes.com/health/medical-supplies/cities-where-its-hardest-to-breathe-2023/&ved=2ahUKEwioi7nvitiFAxVo5ckDHRi5Az8QxfQBegQICRAC&usg=AOvVaw1tNuAsySt1Ng_OHwmbEkeH
"Solar energy is on the rise in Tennessee",https://environmentamerica.org/center/articles/solar-energy-is-on-the-rise-in-tennessee/&ved=2ahUKEwioi7nvitiFAxVo5ckDHRi5Az8QxfQBegQIABAC&usg=AOvVaw2GuF1EvYz8hEj3KrTUZlEX
"Ennore ammonia gas leak: After residents left gasping for breath, TN pollution control board suspends unit operations",https://indianexpress.com/article/cities/chennai/ennore-ammonia-gas-leak-residents-tn-pollution-control-board-suspends-unit-operations-9085852/&ved=2ahUKEwioi7nvitiFAxVo5ckDHRi5Az8QxfQBegQIAhAC&usg=AOvVaw0d7t4l1HXpcfzeHzg767RZ
"'The Air We Breathe:' How the century-old Koppers coal tar plant became, and remains, the small town of Cicero's toxic ...",https://www.muckrock.com/news/archives/2023/dec/06/koppers-hazardous-industrial-polluters-cicero/&ved=2ahUKEwioi7nvitiFAxVo5ckDHRi5Az8QxfQBegQIAxAC&usg=AOvVaw3TdtoPooFgrzRUg_fooMrD
"Is COPD Always Related to Smoking?",https://www.wth.org/blog/is-copd-always-related-to-smoking/&ved=2ahUKEwioi7nvitiFAxVo5ckDHRi5Az8QxfQBegQIBxAC&usg=AOvVaw022tRjy33FBlphpZTI47si
"Tennessee wildfires, drought cause poor air quality",https://www.knoxnews.com/story/news/local/2023/11/09/why-is-it-so-smoky-in-knoxville-wildfires-cause-poor-air-quality/71515280007/&ved=2ahUKEwioi7nvitiFAxVo5ckDHRi5Az8QxfQBegQIBRAC&usg=AOvVaw35VGveJuTjoFdCO0RfEg_E
"Memphis Facility Emitting Cancer-Causing Ethylene Oxide Gas to Close",https://blog.ucsusa.org/dminovi/memphis-facility-emitting-cancer-causing-ethylene-oxide-gas-to-close/&ved=2ahUKEwioi7nvitiFAxVo5ckDHRi5Az8QxfQBegQIBBAC&usg=AOvVaw29qNNO3_fbkGjgcN9UiTKu
"Poor air quality in Knoxville along with extreme heat this week",https://www.knoxnews.com/story/weather/2023/08/22/poor-air-quality-in-knoxville-along-with-extreme-heat-this-week/70645860007/&ved=2ahUKEwioi7nvitiFAxVo5ckDHRi5Az8QxfQBegQIARAC&usg=AOvVaw1nABPik-NDkTM1mi4RrsSV
"Air Quality Alert issued in East Tennessee region for Tuesday",https://www.wjhl.com/news/local/air-quality-alert-issued-in-east-tennessee-region-for-tuesday/&ved=2ahUKEwioi7nvitiFAxVo5ckDHRi5Az8QxfQBegQIBhAC&usg=AOvVaw0NWQpGy9CehWkGG3irejrK
"Why EPA's Plan to Address Cross-State Air Pollution is Good News for Tennessee",https://www.sierraclub.org/articles/2024/03/why-epa-s-plan-address-cross-state-air-pollution-good-news-tennessee&ved=2ahUKEwiLgovwitiFAxUN38kDHQQ2CkMQxfQBegQIBRAC&usg=AOvVaw0iSOYQ-NcRiauvKTacS8p_
"Cities Where It's Hardest To Breathe: Where Is Air Quality Worst In The U.S?",https://www.forbes.com/health/medical-supplies/cities-where-its-hardest-to-breathe-2023/&ved=2ahUKEwiLgovwitiFAxUN38kDHQQ2CkMQxfQBegQICRAC&usg=AOvVaw0HJmiWUYOjxQkI8V0vmLDZ
"Solar energy is on the rise in Tennessee",https://environmentamerica.org/center/articles/solar-energy-is-on-the-rise-in-tennessee/&ved=2ahUKEwiLgovwitiFAxUN38kDHQQ2CkMQxfQBegQIAhAC&usg=AOvVaw221DDm17DzltC56fmTcv3m
"Ennore ammonia gas leak: After residents left gasping for breath, TN pollution control board suspends unit operations",https://indianexpress.com/article/cities/chennai/ennore-ammonia-gas-leak-residents-tn-pollution-control-board-suspends-unit-operations-9085852/&ved=2ahUKEwiLgovwitiFAxUN38kDHQQ2CkMQxfQBegQICBAC&usg=AOvVaw2Sd2puzijuDQ6ASBVXcE6n
"'The Air We Breathe:' How the century-old Koppers coal tar plant became, and remains, the small town of Cicero's toxic ...",https://www.muckrock.com/news/archives/2023/dec/06/koppers-hazardous-industrial-polluters-cicero/&ved=2ahUKEwiLgovwitiFAxUN38kDHQQ2CkMQxfQBegQIABAC&usg=AOvVaw0KWj_AS8UwD_67_TZdDEF9
"Is COPD Always Related to Smoking?",https://www.wth.org/blog/is-copd-always-related-to-smoking/&ved=2ahUKEwiLgovwitiFAxUN38kDHQQ2CkMQxfQBegQIBxAC&usg=AOvVaw3QMTDF3dbT1smuJEBfqq9c
"Tennessee wildfires, drought cause poor air quality",https://www.knoxnews.com/story/news/local/2023/11/09/why-is-it-so-smoky-in-knoxville-wildfires-cause-poor-air-quality/71515280007/&ved=2ahUKEwiLgovwitiFAxUN38kDHQQ2CkMQxfQBegQIARAC&usg=AOvVaw2DgUiKg7Nj-7_6gnOC-XwM
"Memphis Facility Emitting Cancer-Causing Ethylene Oxide Gas to Close",https://blog.ucsusa.org/dminovi/memphis-facility-emitting-cancer-causing-ethylene-oxide-gas-to-close/&ved=2ahUKEwiLgovwitiFAxUN38kDHQQ2CkMQxfQBegQIAxAC&usg=AOvVaw0aOaZXdsnRQpzKIJ47ZjqJ
"Poor air quality in Knoxville along with extreme heat this week",https://www.knoxnews.com/story/weather/2023/08/22/poor-air-quality-in-knoxville-along-with-extreme-heat-this-week/70645860007/&ved=2ahUKEwiLgovwitiFAxUN38kDHQQ2CkMQxfQBegQIBhAC&usg=AOvVaw3IP67vgoimGvmmDTcZyNPy
"Air Quality Alert issued in East Tennessee region for Tuesday",https://www.wjhl.com/news/local/air-quality-alert-issued-in-east-tennessee-region-for-tuesday/&ved=2ahUKEwiLgovwitiFAxUN38kDHQQ2CkMQxfQBegQIBBAC&usg=AOvVaw2JuusWa47vSUTj_0wWfuOW
"Why EPA's Plan to Address Cross-State Air Pollution is Good News for Tennessee",https://www.sierraclub.org/articles/2024/03/why-epa-s-plan-address-cross-state-air-pollution-good-news-tennessee&ved=2ahUKEwj3wsLwitiFAxUi5skDHahwCIkQxfQBegQIAhAC&usg=AOvVaw1wptwpGyxaQAHrrXhYt4Hx
"Cities Where It's Hardest To Breathe: Where Is Air Quality Worst In The U.S?",https://www.forbes.com/health/medical-supplies/cities-where-its-hardest-to-breathe-2023/&ved=2ahUKEwj3wsLwitiFAxUi5skDHahwCIkQxfQBegQICRAC&usg=AOvVaw0bJdTdAg8sXJTJzV1JMRob
